　坠落的审判,magnet:?xt=urn:btih:fa7cd2d59de1b855ae82789e498dbb99637bfa75&dn=[电影天堂www.dytt89.com]坠落的审判-2023_BD国英双语中英双字.mp4&tr=http://t.t789.me:2710/announce&tr=http://t.t789.co:2710/announce&tr=http://t.t789.vip:2710/announce
　母亲的直觉,magnet:?xt=urn:btih:a180eeea35404937dcdcd0831688b2d6e6ded111&dn=[电影天堂www.dytt89.com]母亲的直觉-2024_BD国英双语中英双字.mp4&tr=http://t.t789.me:2710/announce&tr=http://t.t789.co:2710/announce&tr=http://t.t789.vip:2710/announce
　旺卡,magnet:?xt=urn:btih:f06b2038dc703f5c2a8811ba1d338a949c62a612&dn=[电影天堂www.dytt89.com]旺卡-2023_BD国英双语中英双字.mp4&tr=http://t.t789.me:2710/announce&tr=http://t.t789.co:2710/announce&tr=http://t.t789.vip:2710/announce
　维和防暴队,magnet:?xt=urn:btih:5031e1a4739f28d15a7698cd88752fec4b661182&dn=[电影天堂www.dytt89.com]维和防暴队-2024_HD国语中字.mp4&tr=http://t.t789.me:2710/announce&tr=http://t.t789.co:2710/announce&tr=http://t.t789.vip:2710/announce
　哥斯拉大战金刚2：帝国崛起,magnet:?xt=urn:btih:7797e67e83fc96d9981f75d002ae96365ce273eb&dn=[电影天堂www.dytt89.com]哥斯拉大战金刚2：帝国崛起-2024_BD中英双字.mp4&tr=http://t.t789.me:2710/announce&tr=http://t.t789.co:2710/announce&tr=http://t.t789.vip:2710/announce
　末路狂花钱,magnet:?xt=urn:btih:307d802f1195d83f1b0ad01703bd1d92427ee091&dn=[电影天堂www.dytt89.com]末路狂花钱-2024_HD国语中字.mp4&tr=http://t.t789.me:2710/announce&tr=http://t.t789.co:2710/announce&tr=http://t.t789.vip:2710/announce
　我们一起摇太阳,magnet:?xt=urn:btih:210b303b13a11d77441186cb01a3f1f12cb196c0&dn=[电影天堂www.dytt89.com]我们一起摇太阳-2024_HD中英双字.mp4&tr=http://t.t789.me:2710/announce&tr=http://t.t789.co:2710/announce&tr=http://t.t789.vip:2710/announce
　特技狂人,magnet:?xt=urn:btih:78bbd8c4edb7838b0ee397f9b38391eff4a13559&dn=[电影天堂www.dytt89.com]特技狂人-2024_BD中英双字.mp4&tr=http://t.t789.me:2710/announce&tr=http://t.t789.co:2710/announce&tr=http://t.t789.vip:2710/announce
　前途海量,magnet:?xt=urn:btih:54ec5fd8fa0b25c86d79688724d6f55689707f17&dn=[电影天堂www.dytt89.com]前途海量-2024_HD国语中字.mp4&tr=http://t.t789.me:2710/announce&tr=http://t.t789.co:2710/announce&tr=http://t.t789.vip:2710/announce
　噬血芭蕾,magnet:?xt=urn:btih:679b3aff2c53ecf4ad2b56d78aa98a4d1ab777e9&dn=[电影天堂www.dytt89.com]噬血芭蕾-2024_BD中英双字.mp4&tr=http://t.t789.me:2710/announce&tr=http://t.t789.co:2710/announce&tr=http://t.t789.vip:2710/announce
　飞驰人生2,magnet:?xt=urn:btih:f3153958bdc2b036b20496997227e7b7484b7739&dn=[电影天堂www.dytt89.com]飞驰人生2-2024_HD中英双字.mp4&tr=http://t.t789.me:2710/announce&tr=http://t.t789.co:2710/announce&tr=http://t.t789.vip:2710/announce
　疯狂星期一,magnet:?xt=urn:btih:28a5bc132746fd2d316563e7df7cd47b04d6a925&dn=[电影天堂www.dytt89.com]疯狂星期一-2022_BD日语中字.mp4&tr=http://t.t789.me:2710/announce&tr=http://t.t789.co:2710/announce&tr=http://t.t789.vip:2710/announce
　第二十条,magnet:?xt=urn:btih:c2dde0b5ff2178e358540956962754e80d96842b&dn=[电影天堂www.dytt89.com]第二十条-2024_HD国语中字V2.mp4&tr=http://t.t789.me:2710/announce&tr=http://t.t789.co:2710/announce&tr=http://t.t789.vip:2710/announce
　破墓,magnet:?xt=urn:btih:cab4e20eedd0302d978aa9ee84a3742825b008f6&dn=[电影天堂www.dytt89.com]破墓-2024_BD韩语中字.mp4&tr=http://t.t789.me:2710/announce&tr=http://t.t789.co:2710/announce&tr=http://t.t789.vip:2710/announce
　月球叛军2：烙印之人,magnet:?xt=urn:btih:cdbc1e1c9b15079fc1681252fdae68a0a83114f4&dn=[电影天堂www.dytt89.com]月球叛军2：烙印之人-2024_BD中英双字.mp4&tr=http://t.t789.me:2710/announce&tr=http://t.t789.co:2710/announce&tr=http://t.t789.vip:2710/announce
